105 W 39TH ST APT 825 BALTIMORE MD 21210-3458 USA ,,
4026 HILTON RD BALTIMORE MD 21215-7668 USA ,,
3320 PRESSTMAN ST APT A1 BALTIMORE MD 21216-3371 USA ,,
3908 N CHARLES ST APT 600 BALTIMORE MD 21218-1743 USA ,,
1300 N CALVERT ST APT 1F BALTIMORE MD 21202-4796 USA ,,
6314 GREENSPRING AVE BALTIMORE MD 21209-3231 USA ,,
1501 N MONTFORD AVE BALTIMORE MD 21213-3524 USA ,,
2506 SAINT PAUL ST BALTIMORE MD 21218-4659 USA ,,
911 S CHARLES ST APT 401 BALTIMORE MD 21230-4066 USA ,,
330 N CHARLES ST APT 6C BALTIMORE MD 21201-4314 USA ,,
675 PRESIDENT ST UNIT 1402 BALTIMORE MD 21202-4514 USA ,,
3533 E NORTHERN PKWY BALTIMORE MD 21206-1637 USA ,,
6905 JONES VIEW DR BALTIMORE MD 21209-1123 USA ,,
2516 E OLIVER ST BALTIMORE MD 21213-3744 USA ,,
6500 PARK HEIGHTS AVE BALTIMORE MD 21215-3010 USA ,,
3100 SAINT PAUL ST APT 514 BALTIMORE MD 21218-3864 USA ,,
6609 SANZO RD APT A BALTIMORE MD 21209-2436 USA ,,
1700 N GAY ST STE B BALTIMORE MD 21213-2542 USA ,,
24305 FARMKEY LN HOLLYWOOD MD 20636-2037 USA ,,
3001 FRANKLIN DR HUNTINGTOWN MD 20639-2813 USA ,,
6272 MAXWELL DR SUITLAND MD 20746-4135 USA ,,
6916 FLAG HARBOR DR DISTRICT HEIGHTS MD 20747-1539 USA ,,
3712 LAMBERTON SQUARE RD SILVER SPRING MD 20904-7749 USA ,,
1701 BEAVER BROOK LN COCKEYSVILLE MD 21030-1603 USA ,,
900 AUTUMN VALLEY LN GAMBRILLS MD 21054-1219 USA ,,
1508 LA BELLE AVE TOWSON MD 21204-6617 USA ,,
809 BRIAR HILL PL ESSEX MD 21221-7302 USA ,,
14611 SHILOH CT LAUREL MD 20708-1081 USA ,,
13062 SHADYSIDE LN GERMANTOWN MD 20874-2894 USA ,,
12914 CHURCHILL RIDGE CIR GERMANTOWN MD 20874-3844 USA ,,
10100 STONEYBROOK DR SILVER SPRING MD 20910-1064 USA ,,
8520 MARYBETH WAY ELLICOTT CITY MD 21043-6659 USA ,,
7313 PARK HEIGHTS AVE PIKESVILLE MD 21208-5471 USA ,,
1224 ROSSITER AVE BALTIMORE MD 21239-4111 USA ,,
2700 RIVA RD ANNAPOLIS MD 21401-7205 USA ,,
411 W POTOMAC ST BRUNSWICK MD 21716-1037 USA ,,
302 MONROE ST ROCKVILLE MD 20850-4405 USA ,,
501 KING FARM BLVD ROCKVILLE MD 20850-6661 USA ,,
4400 OAKTREE RD ROCKVILLE MD 20853-1315 USA ,,
3701 AIRDIRE CT BURTONSVILLE MD 20866-1930 USA ,,
7100 STRATOS LN GAITHERSBURG MD 20879-5425 USA ,,
2923 CHAPEL VIEW DR SILVER SPRING MD 20904-1860 USA ,,
2 THOMAS DR SILVER SPRING MD 20904-2929 USA ,,
11 RAMBLING OAKS WAY CATONSVILLE MD 21228-1546 USA ,,
701 RED CEDAR RD ANNAPOLIS MD 21409-6037 USA ,,
1200 BRYAN POINT RD ACCOKEEK MD 20607-9786 USA ,,
15100 COATES HARDY PL BRANDYWINE MD 20613-4227 USA ,,
4100 CASSELL BLVD PRINCE FREDERICK MD 20678-4823 USA ,,
7216 EUBANKS LOOP FORT GEORGE G MEADE MD 20755-4388 USA ,,
6900 MINK HOLLOW RD HIGHLAND MD 20777-9768 USA ,,
3401 SHREWSBURY RD ABINGDON MD 21009-1066 USA ,,
1201 PENSHURST CT ABINGDON MD 21009-1268 USA ,,
201 N HAMMONDS FERRY RD LINTHICUM HEIGHTS MD 21090-1912 USA ,,
2501 COTTER RD MANCHESTER MD 21102-2727 USA ,,
7014 HANOVER PKWY GREENBELT MD 20770-2045 USA ,,
8900 SAUNDERS LN BETHESDA MD 20817-4104 USA ,,
1 TRIPLE CROWN CT NORTH POTOMAC MD 20878-3745 USA ,,
723 N ADAMS ST HAVRE DE GRACE MD 21078-2758 USA ,,
3401 PINE CIR WESTMINSTER MD 21157-8305 USA ,,
2115 N CHARLES ST BALTIMORE MD 21218-5762 USA ,,
3400 E FAIRMOUNT AVE BALTIMORE MD 21224-1511 USA ,,
200 LAMBERT AVE NEW WINDSOR MD 21776-8936 USA ,,
2701 JOSEPH BIGGS MEMORIAL HWY NORTH EAST MD 21901-1813 USA ,,
613 POPES CREEK CT LA PLATA MD 20646-9680 USA ,,
PO BOX 55 TRACYS LANDING MD 20779-0055 USA ,,
7080 CRADLEROCK WAY COLUMBIA MD 21045-4830 USA ,,
3001 WESTMINSTER ST MANCHESTER MD 21102-1812 USA ,,
10 S HOWARD ST BALTIMORE MD 21201-2557 USA ,,
241 W CHASE ST BALTIMORE MD 21201-4870 USA ,,
9 STONEWAIN CT TOWSON MD 21204-2212 USA ,,
2200 BROENING HWY BALTIMORE MD 21224-6611 USA ,,
9401 WHITESVILLE RD PARSONSBURG MD 21849-2677 USA ,,
6279 64TH AVE RIVERDALE MD 20737-2957 USA ,,
1 BEAUVOIR CT DERWOOD MD 20855-1250 USA ,,
2 BRIGHTON CT GAITHERSBURG MD 20877-1817 USA ,,
3811 MEMORY LN ABINGDON MD 21009-2598 USA ,,
206 TIMBER TRL BEL AIR MD 21014-3139 USA ,,
5776 STEVENS FOREST RD COLUMBIA MD 21045-3618 USA ,,
1701 FAWN WAY FINKSBURG MD 21048-2024 USA ,,
787 MARTIN CT SEVERN MD 21144-2214 USA ,,
3501 MAYFAIR RD GWYNN OAK MD 21207-4524 USA ,,
3370 LEONARDTOWN RD WALDORF MD 20601-3624 USA ,,
800 CONGRESSIONAL CT BOWIE MD 20721-2301 USA ,,
9901 STONEWOOD CT UPPER MARLBORO MD 20772-3631 USA ,,
13 WARREN LODGE CT COCKEYSVILLE MD 21030-5505 USA ,,
1300 TALL TIMBERS DR CROWNSVILLE MD 21032-1530 USA ,,
10000 OLD COURT RD WOODSTOCK MD 21163-1117 USA ,,
PO BOX 72121 ROSEDALE MD 21237-8121 USA ,,
23700 COLLINS RD PRESTON MD 21655-2125 USA ,,
13601 DIXIE DR HAGERSTOWN MD 21742-2310 USA ,,
6811 SPRING RD BRANDYWINE MD 20613-5618 USA ,,
7560 BURCH RD PORT TOBACCO MD 20677-3065 USA ,,
2002 BALTIMORE RD ROCKVILLE MD 20851-1207 USA ,,
21501 GOSHEN HUNT LN GAITHERSBURG MD 20882-1017 USA ,,
100 CROSS KEYS RD BALTIMORE MD 21210-1505 USA ,,
824 LANDAY AVE ROSEDALE MD 21237-1208 USA ,,
2045 ALLEN DR ANNAPOLIS MD 21401-4324 USA ,,
9100 REICHS FORD RD FREDERICK MD 21704-6862 USA ,,
1301 DORCHESTER AVE POCOMOKE CITY MD 21851-1346 USA ,,
5427 55TH PL RIVERDALE MD 20737-2445 USA ,,
7900 POWHATAN ST NEW CARROLLTON MD 20784-3532 USA ,,
9001 WANDERING TRAIL DR POTOMAC MD 20854-2381 USA ,,
3383 S LEISURE WORLD BLVD SILVER SPRING MD 20906-1758 USA ,,
10564 TWIN RIVERS RD COLUMBIA MD 21044-2102 USA ,,
7070 CRADLEROCK WAY COLUMBIA MD 21045-4837 USA ,,
6879 OLD WATERLOO RD ELKRIDGE MD 21075-6502 USA ,,
400 GRAND AVE CUMBERLAND MD 21502-4130 USA ,,
501 HIGH ST CHESTERTOWN MD 21620-1372 USA ,,
8100 PLOWDEN DR LA PLATA MD 20646-5647 USA ,,
10000 VIRGINIA MANOR RD BELTSVILLE MD 20705-4201 USA ,,
6101 BUCKLER RD CLINTON MD 20735-3417 USA ,,
1023 HUNTSWORTH CT CAPITOL HEIGHTS MD 20743-3018 USA ,,
601 LAVENHAM CT LUTHERVILLE TIMONIUM MD 21093-7422 USA ,,
4 BITTERROOT CT OWINGS MILLS MD 21117-3727 USA ,,
3100 PARKSIDE DR BALTIMORE MD 21214-3419 USA ,,
2200 BROENING HWY BALTIMORE MD 21224-6614 USA ,,
9101 FRANKLIN SQUARE DR ROSEDALE MD 21237-3969 USA ,,
3101 JENKINS LN INDIAN HEAD MD 20640-3012 USA ,,
16400 LEO JAMES CT LAUREL MD 20707-2810 USA ,,
5209 FRANKFORD AVE BALTIMORE MD 21206-5473 USA ,,
10601 HINKLE RD CUMBERLAND MD 21502-7921 USA ,,
401 GOOD HOPE RD FRIENDSVILLE MD 21531-1019 USA ,,
3601 WALNUT GROVE RD TANEYTOWN MD 21787-1349 USA ,,
126 MAFFITT ST ELKTON MD 21921-5244 USA ,,
5911 EASTERN AVE BALTIMORE MD 21224-2738 USA ,,
1201 BUMBLE BEE RD ACCIDENT MD 21520-1066 USA ,,
1525 POINTER RIDGE PL BOWIE MD 20716-1890 USA ,,
7667 MAPLE AVE TAKOMA PARK MD 20912-5532 USA ,,
4404 LAPLATA AVE BALTIMORE MD 21211-1111 USA ,,
2 SKIPJACK CT ESSEX MD 21221-3053 USA ,,
201 PONDVIEW CT CHESTERTOWN MD 21620-9291 USA ,,
11201 WHYE RD WORTON MD 21678-1730 USA ,,
24351 MERVELL DEAN RD HOLLYWOOD MD 20636-7502 USA ,,
6188 OXON HILL RD OXON HILL MD 20745-3271 USA ,,
7701 EAGLES HEAD CT DERWOOD MD 20855-2236 USA ,,
5701 PLATA ST CLINTON MD 20735-2341 USA ,,
11533 FEBRUARY CIR SILVER SPRING MD 20904-6994 USA ,,
7801 STAFFORD HILL CT GLEN BURNIE MD 21061-4888 USA ,,
308 LORI DR GLEN BURNIE MD 21061-4891 USA ,,
PO BOX 401 HANOVER MD 21076-0401 USA ,,
3201 MONTEBELLO TER BALTIMORE MD 21214-3324 USA ,,
6911 DUNMANWAY DUNDALK MD 21222-5120 USA ,,
200 WILLIS AVE EASTON MD 21601-3245 USA ,,
1201 MAPLE TERRACE LN BRUNSWICK MD 21716-1211 USA ,,
14825 ASHFORD PL LAUREL MD 20707-3772 USA ,,
1201 BOOKER TER CAPITOL HEIGHTS MD 20743-1843 USA ,,
2900 MCCOMAS AVE KENSINGTON MD 20895-2324 USA ,,
2023 SCHOOL ST ABERDEEN PROVING GROUND MD 21005-1410 USA ,,
1201 AGORA DR BEL AIR MD 21014-6859 USA ,,
1 LOUGH MASK CT LUTHERVILLE TIMONIUM MD 21093-6618 USA ,,
2300 EMORY RD REISTERSTOWN MD 21136-4022 USA ,,
505 HIGH ACRE DR WESTMINSTER MD 21157-6574 USA ,,
1301 TOWNWAY BALTIMORE MD 21202-5653 USA ,,
13000 POINT LOOKOUT RD RIDGE MD 20680-3208 USA ,,
5100 CRISFIELD MANOR CT WHITE PLAINS MD 20695-2720 USA ,,
13551 BELLE CHASSE BLVD LAUREL MD 20707-8402 USA ,,
2449 GREEN LEAF TER CHESAPEAKE BEACH MD 20732-4634 USA ,,
5700 OLD TEMPLE HILL RD TEMPLE HILLS MD 20748-4908 USA ,,
6704 W FOREST RD HYATTSVILLE MD 20785-3312 USA ,,
6307 MACARTHUR BLVD BETHESDA MD 20816-3219 USA ,,
6314 GREENSPRING AVE BALTIMORE MD 21209-3219 USA ,,
101 WAELCHLI AVE HALETHORPE MD 21227-2544 USA ,,
40173 FOLLY COVE LN LEONARDTOWN MD 20650-2405 USA ,,
601 PRINCE GEORGE ST LAUREL MD 20707-4248 USA ,,
3601 STRAWBERRY HILL DR CLINTON MD 20735-4578 USA ,,
4041 JAY EM CIR ELLICOTT CITY MD 21042-5640 USA ,,
2801 BEECHWOOD LN FALLSTON MD 21047-2436 USA ,,
8001 LONG BRANCH TER GLEN BURNIE MD 21061-5002 USA ,,
3800 BUTLER RD REISTERSTOWN MD 21136-4807 USA ,,
1105 N POINT BLVD BALTIMORE MD 21224-3400 USA ,,
8300 TAPU CT NOTTINGHAM MD 21236-3017 USA ,,
40247 DOCKSER DR MECHANICSVILLE MD 20659-2442 USA ,,
1400 PEACHWOOD LN BOWIE MD 20716-1819 USA ,,
722 QUINCE ORCHARD BLVD GAITHERSBURG MD 20878-1544 USA ,,
6310 STEVENS FOREST RD COLUMBIA MD 21046-3209 USA ,,
2700 HARFORD RD FALLSTON MD 21047-2518 USA ,,
1601 ST GILES RD GIBSON ISLAND MD 21056-1119 USA ,,
9002 FOREST MILL CT OWINGS MILLS MD 21117-6809 USA ,,
6700 CAMPFIELD RD GWYNN OAK MD 21207-4653 USA ,,
7001 DUNMANWAY DUNDALK MD 21222-5214 USA ,,
7295 NAWNEES PL LA PLATA MD 20646-5763 USA ,,
4000 2ND ST NORTH BEACH MD 20714-4074 USA ,,
12526 VEIRS MILL RD ROCKVILLE MD 20853-3529 USA ,,
311 W SIDE DR GAITHERSBURG MD 20878-3007 USA ,,
7064 GENTLE SHADE RD COLUMBIA MD 21046-1939 USA ,,
401 CONGRESS AVE HAVRE DE GRACE MD 21078-3003 USA ,,
2500 SHORT PUTT CT CROFTON MD 21114-3209 USA ,,
111 WILLOW BEND DR OWINGS MILLS MD 21117-2612 USA ,,
3500 POOLE ST BALTIMORE MD 21211-2327 USA ,,
7701 BEL ALTON NEWTOWN RD LA PLATA MD 20646-2917 USA ,,
19929 SWEETGUM CIR GERMANTOWN MD 20874-3785 USA ,,
400 LITTLE QUARRY RD GAITHERSBURG MD 20878-5721 USA ,,
12400 VEIRS MILL RD SILVER SPRING MD 20906-4510 USA ,,
7823 DENTON AVE SPARROWS POINT MD 21219-2409 USA ,,
7100 ROLLING BEND RD WINDSOR MILL MD 21244-2320 USA ,,
200 LEE AVE GALENA MD 21635-1239 USA ,,
27600 PEMBERTON DR SALISBURY MD 21801-2418 USA ,,
1200 HAMPTON PARK BLVD CAPITOL HEIGHTS MD 20743-4947 USA ,,
22004 VALLEY ESTATES DR LEXINGTON PARK MD 20653-1580 USA ,,
46715 ORCHID LN LEXINGTON PARK MD 20653-5287 USA ,,
4315 57TH AVE BLADENSBURG MD 20710-1724 USA ,,
500 W BAY FRONT RD LOTHIAN MD 20711-9758 USA ,,
18001 BLISS DR POOLESVILLE MD 20837-2412 USA ,,
17100 INDIAN GRASS DR GERMANTOWN MD 20874-2971 USA ,,
12301 GALESVILLE DR GAITHERSBURG MD 20878-2075 USA ,,
2527 ROSS RD SILVER SPRING MD 20910-2040 USA ,,
37 TENTMILL LN PIKESVILLE MD 21208-6232 USA ,,
4400 23RD PL TEMPLE HILLS MD 20748-3214 USA ,,
11701 SUMMER OAK DR GERMANTOWN MD 20874-1939 USA ,,
501 LEPPO RD WESTMINSTER MD 21158-1616 USA ,,
2807 CRESMONT AVE BALTIMORE MD 21211-2945 USA ,,
1200 STEUART ST BALTIMORE MD 21230-5394 USA ,,
2900 CEDAR WOODS DR CAMBRIDGE MD 21613-4411 USA ,,
12800 BIG POOL RD CLEAR SPRING MD 21722-1909 USA ,,
11600 WORCESTER HWY SHOWELL MD 21862-1107 USA ,,
400 E EAST ST DELMAR MD 21875-1717 USA ,,
11309 GOLDEN EAGLE PL WALDORF MD 20603-3940 USA ,,
4800 RIVER RD BETHESDA MD 20816-3036 USA ,,
6700 WILSON LN BETHESDA MD 20817-5542 USA ,,
3704 DORCHESTER RD BALTIMORE MD 21215-7182 USA ,,
809 GORSUCH AVE BALTIMORE MD 21218-3563 USA ,,
3900 FAIT AVE BALTIMORE MD 21224-4331 USA ,,
2900 CHESLEY AVE PARKVILLE MD 21234-7627 USA ,,
601 ARRINGTON RD QUEENSTOWN MD 21658-1309 USA ,,
138 ONLEY RD SALISBURY MD 21804-6947 USA ,,
9301 KINGS GRANT RD LAUREL MD 20723-1387 USA ,,
2100 DENTON HALL COLLEGE PARK MD 20742-9343 USA ,,
6298 MAXWELL DR SUITLAND MD 20746-4143 USA ,,
8493 GREENBELT RD GREENBELT MD 20770-2546 USA ,,
1100 HIGGINS PL ROCKVILLE MD 20852-6724 USA ,,
21218 HICKORY FOREST WAY GERMANTOWN MD 20876-6065 USA ,,
9000 ROCKVILLE PIKE BETHESDA MD 20892-0001 USA ,,
1 KINSMAN VIEW CIR SILVER SPRING MD 20901-1649 USA ,,
1902 NUTTAL AVE EDGEWOOD MD 21040-3266 USA ,,
14501 OLD MILL RD UPPER MARLBORO MD 20772-3030 USA ,,
8404 FLOWER AVE TAKOMA PARK MD 20912-6700 USA ,,
953 REDFIELD RD BEL AIR MD 21014-4691 USA ,,
111 MARKET PL BALTIMORE MD 21202-7110 USA ,,
3107 BANCROFT RD BALTIMORE MD 21215-3130 USA ,,
2027 BEAR RIDGE RD DUNDALK MD 21222-5777 USA ,,
8601 WILENOAK CT ROSEDALE MD 21237-2052 USA ,,
101 LINCOLN ST GREENSBORO MD 21639-1572 USA ,,
346A PROSPECT BLVD FREDERICK MD 21701-1273 USA ,,
6988 WALKER MILL RD CAPITOL HEIGHTS MD 20743-4686 USA ,,
910 SHADY GLEN DR CAPITOL HEIGHTS MD 20743-4754 USA ,,
5109 SOUTHERN AVE CAPITOL HEIGHTS MD 20743-5182 USA ,,
7505 DEMOCRACY BLVD BETHESDA MD 20817-1282 USA ,,
19659 CRYSTAL ROCK DR GERMANTOWN MD 20874-4821 USA ,,
7858 MANET WAY SEVERN MD 21144-1648 USA ,,
1300 W LANVALE ST BALTIMORE MD 21217-2450 USA ,,
1200 ENGLEBERTH RD ESSEX MD 21221-2047 USA ,,
4140 ANNAPOLIS RD HALETHORPE MD 21227-3652 USA ,,
PO BOX 247 BRANDYWINE MD 20613-0247 USA ,,
2000 JAMESON ST TEMPLE HILLS MD 20748-5616 USA ,,
14601 HAMPSHIRE HALL CT UPPER MARLBORO MD 20772-2918 USA ,,
5800 40TH AVE HYATTSVILLE MD 20782-3051 USA ,,
13117 MILLHAVEN PL GERMANTOWN MD 20874-6345 USA ,,
554 S FREDERICK AVE GAITHERSBURG MD 20877-6305 USA ,,
8033 SNOUFFER SCHOOL RD GAITHERSBURG MD 20879-4801 USA ,,
1800 BATTLEMENT CT SEVERN MD 21144-1633 USA ,,
12801 BROADFORDING RD CLEAR SPRING MD 21722-1357 USA ,,
11750 BALTIMORE AVE BELTSVILLE MD 20705-1827 USA ,,
15812 PEACH WALKER DR BOWIE MD 20716-1663 USA ,,
9017 PHYLLIS DR CLINTON MD 20735-2410 USA ,,
18000 CALICO CIR OLNEY MD 20832-2836 USA ,,
902 MARTELL CT BEL AIR MD 21014-6858 USA ,,
1749 JARRETTSVILLE RD JARRETTSVILLE MD 21084-1557 USA ,,
14400 HICKSVILLE RD CLEAR SPRING MD 21722-1240 USA ,,
12001 MCKINLEY DR HANCOCK MD 21750-1539 USA ,,
1105 STONE GATE BLVD ELKTON MD 21921-4080 USA ,,
3485 PROMENADE PL WALDORF MD 20603-7286 USA ,,
14200 LAUREL PARK DR LAUREL MD 20707-5201 USA ,,
3201 ARUNDEL RD MOUNT RAINIER MD 20712-1628 USA ,,
12412 MADELEY LN BOWIE MD 20715-2905 USA ,,
7665 BINNACLE LN OWINGS MD 20736-3167 USA ,,
10900 ALPHIN CT UPPER MARLBORO MD 20772-3973 USA ,,
8000 BOULDER RIDGE WAY GAITHERSBURG MD 20879-5635 USA ,,
1311 N CALVERT ST BALTIMORE MD 21202-3964 USA ,,
1500 KINGSWAY RD BALTIMORE MD 21218-1610 USA ,,
401 4TH ST LAUREL MD 20707-4271 USA ,,
4000 48TH ST BLADENSBURG MD 20710-2111 USA ,,
PO BOX 241 MOUNT RAINIER MD 20712-0241 USA ,,
115 CENTERWAY GREENBELT MD 20770-1836 USA ,,
1101 FIJI AVE HYATTSVILLE MD 20785-4318 USA ,,
1111 DALE DR SILVER SPRING MD 20910-1608 USA ,,
709 SHORE DR EDGEWATER MD 21037-2139 USA ,,
208 WATER FOUNTAIN CT GLEN BURNIE MD 21060-0822 USA ,,
5300 ENTERPRISE ST SYKESVILLE MD 21784-9313 USA ,,
1605 CATHERINE FRAN DR ACCOKEEK MD 20607-3259 USA ,,
100 COVE POINT RD LUSBY MD 20657-4600 USA ,,
17000 CENTRAL AVE BOWIE MD 20716-3702 USA ,,
3801 BAYVIEW DR CHESAPEAKE BEACH MD 20732-3517 USA ,,
19400 ZINNIA CIR GERMANTOWN MD 20876-2735 USA ,,
3801 CRESTLYN RD BALTIMORE MD 21218-2122 USA ,,
600 S HIGHLAND AVE BALTIMORE MD 21224-4133 USA ,,
612 LUTHER ST BROOKLYN MD 21225-3851 USA ,,
1280 WOODBOURNE AVE BALTIMORE MD 21239-3360 USA ,,
